[{"id":1,"src":"https://i.pinimg.com/originals/c9/ea/65/c9ea654eb3a7398b1f702c758c1c4206.jpg","title":"Акция","text":"Такой акции вы еще не видели 1"},{"id":2,"src":"https://i.pinimg.com/originals/c9/ea/65/c9ea654eb3a7398b1f702c758c1c4206.jpg","title":"Акция","text":"Такой акции вы еще не видели 2"},{"id":3,"src":"https://i.pinimg.com/originals/c9/ea/65/c9ea654eb3a7398b1f702c758c1c4206.jpg","title":"Акция","text":"Такой акции вы еще не видели 3"}]